ClassInfo:
<object-stream>
  <homework01.po.ClassInfo>
    <classId>25</classId>
    <className>java.lang.String</className>
  </homework01.po.ClassInfo>
</object-stream>
<object-stream>
  <homework01.po.ClassInfo>
    <classId>26</classId>
    <className>java.sql.Connection</className>
  </homework01.po.ClassInfo>
</object-stream>
<object-stream>
  <homework01.po.ClassInfo>
    <classId>27</classId>
    <className>java.sql.SQLException</className>
  </homework01.po.ClassInfo>
</object-stream>
MethodInfo:
<object-stream>
  <homework01.po.MethodInfo>
    <methodId>831</methodId>
    <classId>25</classId>
    <methodName>equals</methodName>
    <returnType>boolean</returnType>
  </homework01.po.MethodInfo>
</object-stream>
<object-stream>
  <homework01.po.MethodInfo>
    <methodId>832</methodId>
    <classId>25</classId>
    <methodName>toString</methodName>
    <returnType>java.lang.String</returnType>
  </homework01.po.MethodInfo>
</object-stream>
<object-stream>
  <homework01.po.MethodInfo>
    <methodId>833</methodId>
    <classId>25</classId>
    <methodName>hashCode</methodName>
    <returnType>int</returnType>
  </homework01.po.MethodInfo>
</object-stream>
<object-stream>
  <homework01.po.MethodInfo>
    <methodId>834</methodId>
    <classId>25</classId>
    <methodName>compareTo</methodName>
    <returnType>int</returnType>
  </homework01.po.MethodInfo>
</object-stream>
<object-stream>
  <homework01.po.MethodInfo>
    <methodId>835</methodId>
    <classId>25</classId>
    <methodName>compareTo</methodName>
    <returnType>int</returnType>
  </homework01.po.MethodInfo>
</object-stream>
<object-stream>
  <homework01.po.MethodInfo>
    <methodId>836</methodId>
    <classId>25</classId>
    <methodName>indexOf</methodName>
    <returnType>int</returnType>
  </homework01.po.MethodInfo>
</object-stream>
<object-stream>
  <homework01.po.MethodInfo>
    <methodId>837</methodId>
    <classId>25</classId>
    <methodName>indexOf</methodName>
    <returnType>int</returnType>
  </homework01.po.MethodInfo>
</object-stream>
<object-stream>
  <homework01.po.MethodInfo>
    <methodId>838</methodId>
    <classId>25</classId>
    <methodName>indexOf</methodName>
    <returnType>int</returnType>
  </homework01.po.MethodInfo>
</object-stream>
<object-stream>
  <homework01.po.MethodInfo>
    <methodId>839</methodId>
    <classId>25</classId>
    <methodName>indexOf</methodName>
    <returnType>int</returnType>
  </homework01.po.MethodInfo>
</object-stream>
<object-stream>
  <homework01.po.MethodInfo>
    <methodId>840</methodId>
    <classId>25</classId>
    <methodName>indexOf</methodName>
    <returnType>int</returnType>
  </homework01.po.MethodInfo>
</object-stream>
<object-stream>
  <homework01.po.MethodInfo>
    <methodId>841</methodId>
    <classId>25</classId>
    <methodName>indexOf</methodName>
    <returnType>int</returnType>
  </homework01.po.MethodInfo>
</object-stream>
<object-stream>
  <homework01.po.MethodInfo>
    <methodId>842</methodId>
    <classId>25</classId>
    <methodName>valueOf</methodName>
    <returnType>java.lang.String</returnType>
  </homework01.po.MethodInfo>
</object-stream>
<object-stream>
  <homework01.po.MethodInfo>
    <methodId>843</methodId>
    <classId>25</classId>
    <methodName>valueOf</methodName>
    <returnType>java.lang.String</returnType>
  </homework01.po.MethodInfo>
</object-stream>
<object-stream>
  <homework01.po.MethodInfo>
    <methodId>844</methodId>
    <classId>25</classId>
    <methodName>valueOf</methodName>
    <returnType>java.lang.String</returnType>
  </homework01.po.MethodInfo>
</object-stream>
<object-stream>
  <homework01.po.MethodInfo>
    <methodId>845</methodId>
    <classId>25</classId>
    <methodName>valueOf</methodName>
    <returnType>java.lang.String</returnType>
  </homework01.po.MethodInfo>
</object-stream>
<object-stream>
  <homework01.po.MethodInfo>
    <methodId>846</methodId>
    <classId>25</classId>
    <methodName>valueOf</methodName>
    <returnType>java.lang.String</returnType>
  </homework01.po.MethodInfo>
</object-stream>
<object-stream>
  <homework01.po.MethodInfo>
    <methodId>847</methodId>
    <classId>25</classId>
    <methodName>valueOf</methodName>
    <returnType>java.lang.String</returnType>
  </homework01.po.MethodInfo>
</object-stream>
<object-stream>
  <homework01.po.MethodInfo>
    <methodId>848</methodId>
    <classId>25</classId>
    <methodName>valueOf</methodName>
    <returnType>java.lang.String</returnType>
  </homework01.po.MethodInfo>
</object-stream>
<object-stream>
  <homework01.po.MethodInfo>
    <methodId>849</methodId>
    <classId>25</classId>
    <methodName>valueOf</methodName>
    <returnType>java.lang.String</returnType>
  </homework01.po.MethodInfo>
</object-stream>
<object-stream>
  <homework01.po.MethodInfo>
    <methodId>850</methodId>
    <classId>25</classId>
    <methodName>valueOf</methodName>
    <returnType>java.lang.String</returnType>
  </homework01.po.MethodInfo>
</object-stream>
<object-stream>
  <homework01.po.MethodInfo>
    <methodId>851</methodId>
    <classId>25</classId>
    <methodName>charAt</methodName>
    <returnType>char</returnType>
  </homework01.po.MethodInfo>
</object-stream>
<object-stream>
  <homework01.po.MethodInfo>
    <methodId>852</methodId>
    <classId>25</classId>
    <methodName>checkBounds</methodName>
    <returnType>void</returnType>
  </homework01.po.MethodInfo>
</object-stream>
<object-stream>
  <homework01.po.MethodInfo>
    <methodId>853</methodId>
    <classId>25</classId>
    <methodName>codePointAt</methodName>
    <returnType>int</returnType>
  </homework01.po.MethodInfo>
</object-stream>
<object-stream>
  <homework01.po.MethodInfo>
    <methodId>854</methodId>
    <classId>25</classId>
    <methodName>codePointBefore</methodName>
    <returnType>int</returnType>
  </homework01.po.MethodInfo>
</object-stream>
<object-stream>
  <homework01.po.MethodInfo>
    <methodId>855</methodId>
    <classId>25</classId>
    <methodName>codePointCount</methodName>
    <returnType>int</returnType>
  </homework01.po.MethodInfo>
</object-stream>
<object-stream>
  <homework01.po.MethodInfo>
    <methodId>856</methodId>
    <classId>25</classId>
    <methodName>compareToIgnoreCase</methodName>
    <returnType>int</returnType>
  </homework01.po.MethodInfo>
</object-stream>
<object-stream>
  <homework01.po.MethodInfo>
    <methodId>857</methodId>
    <classId>25</classId>
    <methodName>concat</methodName>
    <returnType>java.lang.String</returnType>
  </homework01.po.MethodInfo>
</object-stream>
<object-stream>
  <homework01.po.MethodInfo>
    <methodId>858</methodId>
    <classId>25</classId>
    <methodName>contains</methodName>
    <returnType>boolean</returnType>
  </homework01.po.MethodInfo>
</object-stream>
<object-stream>
  <homework01.po.MethodInfo>
    <methodId>859</methodId>
    <classId>25</classId>
    <methodName>contentEquals</methodName>
    <returnType>boolean</returnType>
  </homework01.po.MethodInfo>
</object-stream>
<object-stream>
  <homework01.po.MethodInfo>
    <methodId>860</methodId>
    <classId>25</classId>
    <methodName>contentEquals</methodName>
    <returnType>boolean</returnType>
  </homework01.po.MethodInfo>
</object-stream>
<object-stream>
  <homework01.po.MethodInfo>
    <methodId>861</methodId>
    <classId>25</classId>
    <methodName>copyValueOf</methodName>
    <returnType>java.lang.String</returnType>
  </homework01.po.MethodInfo>
</object-stream>
<object-stream>
  <homework01.po.MethodInfo>
    <methodId>862</methodId>
    <classId>25</classId>
    <methodName>copyValueOf</methodName>
    <returnType>java.lang.String</returnType>
  </homework01.po.MethodInfo>
</object-stream>
<object-stream>
  <homework01.po.MethodInfo>
    <methodId>863</methodId>
    <classId>25</classId>
    <methodName>endsWith</methodName>
    <returnType>boolean</returnType>
  </homework01.po.MethodInfo>
</object-stream>
<object-stream>
  <homework01.po.MethodInfo>
    <methodId>864</methodId>
    <classId>25</classId>
    <methodName>equalsIgnoreCase</methodName>
    <returnType>boolean</returnType>
  </homework01.po.MethodInfo>
</object-stream>
<object-stream>
  <homework01.po.MethodInfo>
    <methodId>865</methodId>
    <classId>25</classId>
    <methodName>format</methodName>
    <returnType>java.lang.String</returnType>
  </homework01.po.MethodInfo>
</object-stream>
<object-stream>
  <homework01.po.MethodInfo>
    <methodId>866</methodId>
    <classId>25</classId>
    <methodName>format</methodName>
    <returnType>java.lang.String</returnType>
  </homework01.po.MethodInfo>
</object-stream>
<object-stream>
  <homework01.po.MethodInfo>
    <methodId>867</methodId>
    <classId>25</classId>
    <methodName>getBytes</methodName>
    <returnType>void</returnType>
  </homework01.po.MethodInfo>
</object-stream>
<object-stream>
  <homework01.po.MethodInfo>
    <methodId>868</methodId>
    <classId>25</classId>
    <methodName>getBytes</methodName>
    <returnType>[B</returnType>
  </homework01.po.MethodInfo>
</object-stream>
<object-stream>
  <homework01.po.MethodInfo>
    <methodId>869</methodId>
    <classId>25</classId>
    <methodName>getBytes</methodName>
    <returnType>[B</returnType>
  </homework01.po.MethodInfo>
</object-stream>
<object-stream>
  <homework01.po.MethodInfo>
    <methodId>870</methodId>
    <classId>25</classId>
    <methodName>getBytes</methodName>
    <returnType>[B</returnType>
  </homework01.po.MethodInfo>
</object-stream>
<object-stream>
  <homework01.po.MethodInfo>
    <methodId>871</methodId>
    <classId>25</classId>
    <methodName>getChars</methodName>
    <returnType>void</returnType>
  </homework01.po.MethodInfo>
</object-stream>
<object-stream>
  <homework01.po.MethodInfo>
    <methodId>872</methodId>
    <classId>25</classId>
    <methodName>getChars</methodName>
    <returnType>void</returnType>
  </homework01.po.MethodInfo>
</object-stream>
<object-stream>
  <homework01.po.MethodInfo>
    <methodId>873</methodId>
    <classId>25</classId>
    <methodName>indexOfSupplementary</methodName>
    <returnType>int</returnType>
  </homework01.po.MethodInfo>
</object-stream>
<object-stream>
  <homework01.po.MethodInfo>
    <methodId>874</methodId>
    <classId>25</classId>
    <methodName>intern</methodName>
    <returnType>java.lang.String</returnType>
  </homework01.po.MethodInfo>
</object-stream>
<object-stream>
  <homework01.po.MethodInfo>
    <methodId>875</methodId>
    <classId>25</classId>
    <methodName>isEmpty</methodName>
    <returnType>boolean</returnType>
  </homework01.po.MethodInfo>
</object-stream>
<object-stream>
  <homework01.po.MethodInfo>
    <methodId>876</methodId>
    <classId>25</classId>
    <methodName>join</methodName>
    <returnType>java.lang.String</returnType>
  </homework01.po.MethodInfo>
</object-stream>
<object-stream>
  <homework01.po.MethodInfo>
    <methodId>877</methodId>
    <classId>25</classId>
    <methodName>join</methodName>
    <returnType>java.lang.String</returnType>
  </homework01.po.MethodInfo>
</object-stream>
<object-stream>
  <homework01.po.MethodInfo>
    <methodId>878</methodId>
    <classId>25</classId>
    <methodName>lastIndexOf</methodName>
    <returnType>int</returnType>
  </homework01.po.MethodInfo>
</object-stream>
<object-stream>
  <homework01.po.MethodInfo>
    <methodId>879</methodId>
    <classId>25</classId>
    <methodName>lastIndexOf</methodName>
    <returnType>int</returnType>
  </homework01.po.MethodInfo>
</object-stream>
<object-stream>
  <homework01.po.MethodInfo>
    <methodId>880</methodId>
    <classId>25</classId>
    <methodName>lastIndexOf</methodName>
    <returnType>int</returnType>
  </homework01.po.MethodInfo>
</object-stream>
<object-stream>
  <homework01.po.MethodInfo>
    <methodId>881</methodId>
    <classId>25</classId>
    <methodName>lastIndexOf</methodName>
    <returnType>int</returnType>
  </homework01.po.MethodInfo>
</object-stream>
<object-stream>
  <homework01.po.MethodInfo>
    <methodId>882</methodId>
    <classId>25</classId>
    <methodName>lastIndexOf</methodName>
    <returnType>int</returnType>
  </homework01.po.MethodInfo>
</object-stream>
<object-stream>
  <homework01.po.MethodInfo>
    <methodId>883</methodId>
    <classId>25</classId>
    <methodName>lastIndexOf</methodName>
    <returnType>int</returnType>
  </homework01.po.MethodInfo>
</object-stream>
<object-stream>
  <homework01.po.MethodInfo>
    <methodId>884</methodId>
    <classId>25</classId>
    <methodName>lastIndexOfSupplementary</methodName>
    <returnType>int</returnType>
  </homework01.po.MethodInfo>
</object-stream>
<object-stream>
  <homework01.po.MethodInfo>
    <methodId>885</methodId>
    <classId>25</classId>
    <methodName>length</methodName>
    <returnType>int</returnType>
  </homework01.po.MethodInfo>
</object-stream>
<object-stream>
  <homework01.po.MethodInfo>
    <methodId>886</methodId>
    <classId>25</classId>
    <methodName>matches</methodName>
    <returnType>boolean</returnType>
  </homework01.po.MethodInfo>
</object-stream>
<object-stream>
  <homework01.po.MethodInfo>
    <methodId>887</methodId>
    <classId>25</classId>
    <methodName>nonSyncContentEquals</methodName>
    <returnType>boolean</returnType>
  </homework01.po.MethodInfo>
</object-stream>
<object-stream>
  <homework01.po.MethodInfo>
    <methodId>888</methodId>
    <classId>25</classId>
    <methodName>offsetByCodePoints</methodName>
    <returnType>int</returnType>
  </homework01.po.MethodInfo>
</object-stream>
<object-stream>
  <homework01.po.MethodInfo>
    <methodId>889</methodId>
    <classId>25</classId>
    <methodName>regionMatches</methodName>
    <returnType>boolean</returnType>
  </homework01.po.MethodInfo>
</object-stream>
<object-stream>
  <homework01.po.MethodInfo>
    <methodId>890</methodId>
    <classId>25</classId>
    <methodName>regionMatches</methodName>
    <returnType>boolean</returnType>
  </homework01.po.MethodInfo>
</object-stream>
<object-stream>
  <homework01.po.MethodInfo>
    <methodId>891</methodId>
    <classId>25</classId>
    <methodName>replace</methodName>
    <returnType>java.lang.String</returnType>
  </homework01.po.MethodInfo>
</object-stream>
<object-stream>
  <homework01.po.MethodInfo>
    <methodId>892</methodId>
    <classId>25</classId>
    <methodName>replace</methodName>
    <returnType>java.lang.String</returnType>
  </homework01.po.MethodInfo>
</object-stream>
<object-stream>
  <homework01.po.MethodInfo>
    <methodId>893</methodId>
    <classId>25</classId>
    <methodName>replaceAll</methodName>
    <returnType>java.lang.String</returnType>
  </homework01.po.MethodInfo>
</object-stream>
<object-stream>
  <homework01.po.MethodInfo>
    <methodId>894</methodId>
    <classId>25</classId>
    <methodName>replaceFirst</methodName>
    <returnType>java.lang.String</returnType>
  </homework01.po.MethodInfo>
</object-stream>
<object-stream>
  <homework01.po.MethodInfo>
    <methodId>895</methodId>
    <classId>25</classId>
    <methodName>split</methodName>
    <returnType>[Ljava.lang.String;</returnType>
  </homework01.po.MethodInfo>
</object-stream>
<object-stream>
  <homework01.po.MethodInfo>
    <methodId>896</methodId>
    <classId>25</classId>
    <methodName>split</methodName>
    <returnType>[Ljava.lang.String;</returnType>
  </homework01.po.MethodInfo>
</object-stream>
<object-stream>
  <homework01.po.MethodInfo>
    <methodId>897</methodId>
    <classId>25</classId>
    <methodName>startsWith</methodName>
    <returnType>boolean</returnType>
  </homework01.po.MethodInfo>
</object-stream>
<object-stream>
  <homework01.po.MethodInfo>
    <methodId>898</methodId>
    <classId>25</classId>
    <methodName>startsWith</methodName>
    <returnType>boolean</returnType>
  </homework01.po.MethodInfo>
</object-stream>
<object-stream>
  <homework01.po.MethodInfo>
    <methodId>899</methodId>
    <classId>25</classId>
    <methodName>subSequence</methodName>
    <returnType>java.lang.CharSequence</returnType>
  </homework01.po.MethodInfo>
</object-stream>
<object-stream>
  <homework01.po.MethodInfo>
    <methodId>900</methodId>
    <classId>25</classId>
    <methodName>substring</methodName>
    <returnType>java.lang.String</returnType>
  </homework01.po.MethodInfo>
</object-stream>
<object-stream>
  <homework01.po.MethodInfo>
    <methodId>901</methodId>
    <classId>25</classId>
    <methodName>substring</methodName>
    <returnType>java.lang.String</returnType>
  </homework01.po.MethodInfo>
</object-stream>
<object-stream>
  <homework01.po.MethodInfo>
    <methodId>902</methodId>
    <classId>25</classId>
    <methodName>toCharArray</methodName>
    <returnType>[C</returnType>
  </homework01.po.MethodInfo>
</object-stream>
<object-stream>
  <homework01.po.MethodInfo>
    <methodId>903</methodId>
    <classId>25</classId>
    <methodName>toLowerCase</methodName>
    <returnType>java.lang.String</returnType>
  </homework01.po.MethodInfo>
</object-stream>
<object-stream>
  <homework01.po.MethodInfo>
    <methodId>904</methodId>
    <classId>25</classId>
    <methodName>toLowerCase</methodName>
    <returnType>java.lang.String</returnType>
  </homework01.po.MethodInfo>
</object-stream>
<object-stream>
  <homework01.po.MethodInfo>
    <methodId>905</methodId>
    <classId>25</classId>
    <methodName>toUpperCase</methodName>
    <returnType>java.lang.String</returnType>
  </homework01.po.MethodInfo>
</object-stream>
<object-stream>
  <homework01.po.MethodInfo>
    <methodId>906</methodId>
    <classId>25</classId>
    <methodName>toUpperCase</methodName>
    <returnType>java.lang.String</returnType>
  </homework01.po.MethodInfo>
</object-stream>
<object-stream>
  <homework01.po.MethodInfo>
    <methodId>907</methodId>
    <classId>25</classId>
    <methodName>trim</methodName>
    <returnType>java.lang.String</returnType>
  </homework01.po.MethodInfo>
</object-stream>
<object-stream>
  <homework01.po.MethodInfo>
    <methodId>908</methodId>
    <classId>26</classId>
    <methodName>setReadOnly</methodName>
    <returnType>void</returnType>
  </homework01.po.MethodInfo>
</object-stream>
<object-stream>
  <homework01.po.MethodInfo>
    <methodId>909</methodId>
    <classId>26</classId>
    <methodName>close</methodName>
    <returnType>void</returnType>
  </homework01.po.MethodInfo>
</object-stream>
<object-stream>
  <homework01.po.MethodInfo>
    <methodId>910</methodId>
    <classId>26</classId>
    <methodName>isReadOnly</methodName>
    <returnType>boolean</returnType>
  </homework01.po.MethodInfo>
</object-stream>
<object-stream>
  <homework01.po.MethodInfo>
    <methodId>911</methodId>
    <classId>26</classId>
    <methodName>abort</methodName>
    <returnType>void</returnType>
  </homework01.po.MethodInfo>
</object-stream>
<object-stream>
  <homework01.po.MethodInfo>
    <methodId>912</methodId>
    <classId>26</classId>
    <methodName>isValid</methodName>
    <returnType>boolean</returnType>
  </homework01.po.MethodInfo>
</object-stream>
<object-stream>
  <homework01.po.MethodInfo>
    <methodId>913</methodId>
    <classId>26</classId>
    <methodName>prepareStatement</methodName>
    <returnType>java.sql.PreparedStatement</returnType>
  </homework01.po.MethodInfo>
</object-stream>
<object-stream>
  <homework01.po.MethodInfo>
    <methodId>914</methodId>
    <classId>26</classId>
    <methodName>prepareStatement</methodName>
    <returnType>java.sql.PreparedStatement</returnType>
  </homework01.po.MethodInfo>
</object-stream>
<object-stream>
  <homework01.po.MethodInfo>
    <methodId>915</methodId>
    <classId>26</classId>
    <methodName>prepareStatement</methodName>
    <returnType>java.sql.PreparedStatement</returnType>
  </homework01.po.MethodInfo>
</object-stream>
<object-stream>
  <homework01.po.MethodInfo>
    <methodId>916</methodId>
    <classId>26</classId>
    <methodName>prepareStatement</methodName>
    <returnType>java.sql.PreparedStatement</returnType>
  </homework01.po.MethodInfo>
</object-stream>
<object-stream>
  <homework01.po.MethodInfo>
    <methodId>917</methodId>
    <classId>26</classId>
    <methodName>prepareStatement</methodName>
    <returnType>java.sql.PreparedStatement</returnType>
  </homework01.po.MethodInfo>
</object-stream>
<object-stream>
  <homework01.po.MethodInfo>
    <methodId>918</methodId>
    <classId>26</classId>
    <methodName>prepareStatement</methodName>
    <returnType>java.sql.PreparedStatement</returnType>
  </homework01.po.MethodInfo>
</object-stream>
<object-stream>
  <homework01.po.MethodInfo>
    <methodId>919</methodId>
    <classId>26</classId>
    <methodName>clearWarnings</methodName>
    <returnType>void</returnType>
  </homework01.po.MethodInfo>
</object-stream>
<object-stream>
  <homework01.po.MethodInfo>
    <methodId>920</methodId>
    <classId>26</classId>
    <methodName>commit</methodName>
    <returnType>void</returnType>
  </homework01.po.MethodInfo>
</object-stream>
<object-stream>
  <homework01.po.MethodInfo>
    <methodId>921</methodId>
    <classId>26</classId>
    <methodName>createArrayOf</methodName>
    <returnType>java.sql.Array</returnType>
  </homework01.po.MethodInfo>
</object-stream>
<object-stream>
  <homework01.po.MethodInfo>
    <methodId>922</methodId>
    <classId>26</classId>
    <methodName>createBlob</methodName>
    <returnType>java.sql.Blob</returnType>
  </homework01.po.MethodInfo>
</object-stream>
<object-stream>
  <homework01.po.MethodInfo>
    <methodId>923</methodId>
    <classId>26</classId>
    <methodName>createClob</methodName>
    <returnType>java.sql.Clob</returnType>
  </homework01.po.MethodInfo>
</object-stream>
<object-stream>
  <homework01.po.MethodInfo>
    <methodId>924</methodId>
    <classId>26</classId>
    <methodName>createNClob</methodName>
    <returnType>java.sql.NClob</returnType>
  </homework01.po.MethodInfo>
</object-stream>
<object-stream>
  <homework01.po.MethodInfo>
    <methodId>925</methodId>
    <classId>26</classId>
    <methodName>createSQLXML</methodName>
    <returnType>java.sql.SQLXML</returnType>
  </homework01.po.MethodInfo>
</object-stream>
<object-stream>
  <homework01.po.MethodInfo>
    <methodId>926</methodId>
    <classId>26</classId>
    <methodName>createStatement</methodName>
    <returnType>java.sql.Statement</returnType>
  </homework01.po.MethodInfo>
</object-stream>
<object-stream>
  <homework01.po.MethodInfo>
    <methodId>927</methodId>
    <classId>26</classId>
    <methodName>createStatement</methodName>
    <returnType>java.sql.Statement</returnType>
  </homework01.po.MethodInfo>
</object-stream>
<object-stream>
  <homework01.po.MethodInfo>
    <methodId>928</methodId>
    <classId>26</classId>
    <methodName>createStatement</methodName>
    <returnType>java.sql.Statement</returnType>
  </homework01.po.MethodInfo>
</object-stream>
<object-stream>
  <homework01.po.MethodInfo>
    <methodId>929</methodId>
    <classId>26</classId>
    <methodName>createStruct</methodName>
    <returnType>java.sql.Struct</returnType>
  </homework01.po.MethodInfo>
</object-stream>
<object-stream>
  <homework01.po.MethodInfo>
    <methodId>930</methodId>
    <classId>26</classId>
    <methodName>getAutoCommit</methodName>
    <returnType>boolean</returnType>
  </homework01.po.MethodInfo>
</object-stream>
<object-stream>
  <homework01.po.MethodInfo>
    <methodId>931</methodId>
    <classId>26</classId>
    <methodName>getCatalog</methodName>
    <returnType>java.lang.String</returnType>
  </homework01.po.MethodInfo>
</object-stream>
<object-stream>
  <homework01.po.MethodInfo>
    <methodId>932</methodId>
    <classId>26</classId>
    <methodName>getClientInfo</methodName>
    <returnType>java.util.Properties</returnType>
  </homework01.po.MethodInfo>
</object-stream>
<object-stream>
  <homework01.po.MethodInfo>
    <methodId>933</methodId>
    <classId>26</classId>
    <methodName>getClientInfo</methodName>
    <returnType>java.lang.String</returnType>
  </homework01.po.MethodInfo>
</object-stream>
<object-stream>
  <homework01.po.MethodInfo>
    <methodId>934</methodId>
    <classId>26</classId>
    <methodName>getHoldability</methodName>
    <returnType>int</returnType>
  </homework01.po.MethodInfo>
</object-stream>
<object-stream>
  <homework01.po.MethodInfo>
    <methodId>935</methodId>
    <classId>26</classId>
    <methodName>getMetaData</methodName>
    <returnType>java.sql.DatabaseMetaData</returnType>
  </homework01.po.MethodInfo>
</object-stream>
<object-stream>
  <homework01.po.MethodInfo>
    <methodId>936</methodId>
    <classId>26</classId>
    <methodName>getNetworkTimeout</methodName>
    <returnType>int</returnType>
  </homework01.po.MethodInfo>
</object-stream>
<object-stream>
  <homework01.po.MethodInfo>
    <methodId>937</methodId>
    <classId>26</classId>
    <methodName>getSchema</methodName>
    <returnType>java.lang.String</returnType>
  </homework01.po.MethodInfo>
</object-stream>
<object-stream>
  <homework01.po.MethodInfo>
    <methodId>938</methodId>
    <classId>26</classId>
    <methodName>getTransactionIsolation</methodName>
    <returnType>int</returnType>
  </homework01.po.MethodInfo>
</object-stream>
<object-stream>
  <homework01.po.MethodInfo>
    <methodId>939</methodId>
    <classId>26</classId>
    <methodName>getTypeMap</methodName>
    <returnType>java.util.Map</returnType>
  </homework01.po.MethodInfo>
</object-stream>
<object-stream>
  <homework01.po.MethodInfo>
    <methodId>940</methodId>
    <classId>26</classId>
    <methodName>getWarnings</methodName>
    <returnType>java.sql.SQLWarning</returnType>
  </homework01.po.MethodInfo>
</object-stream>
<object-stream>
  <homework01.po.MethodInfo>
    <methodId>941</methodId>
    <classId>26</classId>
    <methodName>isClosed</methodName>
    <returnType>boolean</returnType>
  </homework01.po.MethodInfo>
</object-stream>
<object-stream>
  <homework01.po.MethodInfo>
    <methodId>942</methodId>
    <classId>26</classId>
    <methodName>nativeSQL</methodName>
    <returnType>java.lang.String</returnType>
  </homework01.po.MethodInfo>
</object-stream>
<object-stream>
  <homework01.po.MethodInfo>
    <methodId>943</methodId>
    <classId>26</classId>
    <methodName>prepareCall</methodName>
    <returnType>java.sql.CallableStatement</returnType>
  </homework01.po.MethodInfo>
</object-stream>
<object-stream>
  <homework01.po.MethodInfo>
    <methodId>944</methodId>
    <classId>26</classId>
    <methodName>prepareCall</methodName>
    <returnType>java.sql.CallableStatement</returnType>
  </homework01.po.MethodInfo>
</object-stream>
<object-stream>
  <homework01.po.MethodInfo>
    <methodId>945</methodId>
    <classId>26</classId>
    <methodName>prepareCall</methodName>
    <returnType>java.sql.CallableStatement</returnType>
  </homework01.po.MethodInfo>
</object-stream>
<object-stream>
  <homework01.po.MethodInfo>
    <methodId>946</methodId>
    <classId>26</classId>
    <methodName>releaseSavepoint</methodName>
    <returnType>void</returnType>
  </homework01.po.MethodInfo>
</object-stream>
<object-stream>
  <homework01.po.MethodInfo>
    <methodId>947</methodId>
    <classId>26</classId>
    <methodName>rollback</methodName>
    <returnType>void</returnType>
  </homework01.po.MethodInfo>
</object-stream>
<object-stream>
  <homework01.po.MethodInfo>
    <methodId>948</methodId>
    <classId>26</classId>
    <methodName>rollback</methodName>
    <returnType>void</returnType>
  </homework01.po.MethodInfo>
</object-stream>
<object-stream>
  <homework01.po.MethodInfo>
    <methodId>949</methodId>
    <classId>26</classId>
    <methodName>setAutoCommit</methodName>
    <returnType>void</returnType>
  </homework01.po.MethodInfo>
</object-stream>
<object-stream>
  <homework01.po.MethodInfo>
    <methodId>950</methodId>
    <classId>26</classId>
    <methodName>setCatalog</methodName>
    <returnType>void</returnType>
  </homework01.po.MethodInfo>
</object-stream>
<object-stream>
  <homework01.po.MethodInfo>
    <methodId>951</methodId>
    <classId>26</classId>
    <methodName>setClientInfo</methodName>
    <returnType>void</returnType>
  </homework01.po.MethodInfo>
</object-stream>
<object-stream>
  <homework01.po.MethodInfo>
    <methodId>952</methodId>
    <classId>26</classId>
    <methodName>setClientInfo</methodName>
    <returnType>void</returnType>
  </homework01.po.MethodInfo>
</object-stream>
<object-stream>
  <homework01.po.MethodInfo>
    <methodId>953</methodId>
    <classId>26</classId>
    <methodName>setHoldability</methodName>
    <returnType>void</returnType>
  </homework01.po.MethodInfo>
</object-stream>
<object-stream>
  <homework01.po.MethodInfo>
    <methodId>954</methodId>
    <classId>26</classId>
    <methodName>setNetworkTimeout</methodName>
    <returnType>void</returnType>
  </homework01.po.MethodInfo>
</object-stream>
<object-stream>
  <homework01.po.MethodInfo>
    <methodId>955</methodId>
    <classId>26</classId>
    <methodName>setSavepoint</methodName>
    <returnType>java.sql.Savepoint</returnType>
  </homework01.po.MethodInfo>
</object-stream>
<object-stream>
  <homework01.po.MethodInfo>
    <methodId>956</methodId>
    <classId>26</classId>
    <methodName>setSavepoint</methodName>
    <returnType>java.sql.Savepoint</returnType>
  </homework01.po.MethodInfo>
</object-stream>
<object-stream>
  <homework01.po.MethodInfo>
    <methodId>957</methodId>
    <classId>26</classId>
    <methodName>setSchema</methodName>
    <returnType>void</returnType>
  </homework01.po.MethodInfo>
</object-stream>
<object-stream>
  <homework01.po.MethodInfo>
    <methodId>958</methodId>
    <classId>26</classId>
    <methodName>setTransactionIsolation</methodName>
    <returnType>void</returnType>
  </homework01.po.MethodInfo>
</object-stream>
<object-stream>
  <homework01.po.MethodInfo>
    <methodId>959</methodId>
    <classId>26</classId>
    <methodName>setTypeMap</methodName>
    <returnType>void</returnType>
  </homework01.po.MethodInfo>
</object-stream>
<object-stream>
  <homework01.po.MethodInfo>
    <methodId>960</methodId>
    <classId>27</classId>
    <methodName>iterator</methodName>
    <returnType>java.util.Iterator</returnType>
  </homework01.po.MethodInfo>
</object-stream>
<object-stream>
  <homework01.po.MethodInfo>
    <methodId>961</methodId>
    <classId>27</classId>
    <methodName>getErrorCode</methodName>
    <returnType>int</returnType>
  </homework01.po.MethodInfo>
</object-stream>
<object-stream>
  <homework01.po.MethodInfo>
    <methodId>962</methodId>
    <classId>27</classId>
    <methodName>getNextException</methodName>
    <returnType>java.sql.SQLException</returnType>
  </homework01.po.MethodInfo>
</object-stream>
<object-stream>
  <homework01.po.MethodInfo>
    <methodId>963</methodId>
    <classId>27</classId>
    <methodName>getSQLState</methodName>
    <returnType>java.lang.String</returnType>
  </homework01.po.MethodInfo>
</object-stream>
<object-stream>
  <homework01.po.MethodInfo>
    <methodId>964</methodId>
    <classId>27</classId>
    <methodName>setNextException</methodName>
    <returnType>void</returnType>
  </homework01.po.MethodInfo>
</object-stream>
ParamInfo:
<object-stream>
  <homework01.po.ParamInfo>
    <paramId>1204</paramId>
    <methodId>831</methodId>
    <paramName>arg[0]</paramName>
    <paramType>java.lang.Object</paramType>
  </homework01.po.ParamInfo>
</object-stream>
<object-stream>
  <homework01.po.ParamInfo>
    <paramId>1205</paramId>
    <methodId>834</methodId>
    <paramName>arg[0]</paramName>
    <paramType>java.lang.String</paramType>
  </homework01.po.ParamInfo>
</object-stream>
<object-stream>
  <homework01.po.ParamInfo>
    <paramId>1206</paramId>
    <methodId>835</methodId>
    <paramName>arg[0]</paramName>
    <paramType>java.lang.Object</paramType>
  </homework01.po.ParamInfo>
</object-stream>
<object-stream>
  <homework01.po.ParamInfo>
    <paramId>1207</paramId>
    <methodId>836</methodId>
    <paramName>arg[0]</paramName>
    <paramType>java.lang.String</paramType>
  </homework01.po.ParamInfo>
</object-stream>
<object-stream>
  <homework01.po.ParamInfo>
    <paramId>1208</paramId>
    <methodId>836</methodId>
    <paramName>arg[1]</paramName>
    <paramType>int</paramType>
  </homework01.po.ParamInfo>
</object-stream>
<object-stream>
  <homework01.po.ParamInfo>
    <paramId>1209</paramId>
    <methodId>837</methodId>
    <paramName>arg[0]</paramName>
    <paramType>java.lang.String</paramType>
  </homework01.po.ParamInfo>
</object-stream>
<object-stream>
  <homework01.po.ParamInfo>
    <paramId>1210</paramId>
    <methodId>838</methodId>
    <paramName>arg[0]</paramName>
    <paramType>int</paramType>
  </homework01.po.ParamInfo>
</object-stream>
<object-stream>
  <homework01.po.ParamInfo>
    <paramId>1211</paramId>
    <methodId>838</methodId>
    <paramName>arg[1]</paramName>
    <paramType>int</paramType>
  </homework01.po.ParamInfo>
</object-stream>
<object-stream>
  <homework01.po.ParamInfo>
    <paramId>1212</paramId>
    <methodId>839</methodId>
    <paramName>arg[0]</paramName>
    <paramType>int</paramType>
  </homework01.po.ParamInfo>
</object-stream>
<object-stream>
  <homework01.po.ParamInfo>
    <paramId>1213</paramId>
    <methodId>840</methodId>
    <paramName>arg[0]</paramName>
    <paramType>char[]</paramType>
  </homework01.po.ParamInfo>
</object-stream>
<object-stream>
  <homework01.po.ParamInfo>
    <paramId>1214</paramId>
    <methodId>840</methodId>
    <paramName>arg[1]</paramName>
    <paramType>int</paramType>
  </homework01.po.ParamInfo>
</object-stream>
<object-stream>
  <homework01.po.ParamInfo>
    <paramId>1215</paramId>
    <methodId>840</methodId>
    <paramName>arg[2]</paramName>
    <paramType>int</paramType>
  </homework01.po.ParamInfo>
</object-stream>
<object-stream>
  <homework01.po.ParamInfo>
    <paramId>1216</paramId>
    <methodId>840</methodId>
    <paramName>arg[3]</paramName>
    <paramType>char[]</paramType>
  </homework01.po.ParamInfo>
</object-stream>
<object-stream>
  <homework01.po.ParamInfo>
    <paramId>1217</paramId>
    <methodId>840</methodId>
    <paramName>arg[4]</paramName>
    <paramType>int</paramType>
  </homework01.po.ParamInfo>
</object-stream>
<object-stream>
  <homework01.po.ParamInfo>
    <paramId>1218</paramId>
    <methodId>840</methodId>
    <paramName>arg[5]</paramName>
    <paramType>int</paramType>
  </homework01.po.ParamInfo>
</object-stream>
<object-stream>
  <homework01.po.ParamInfo>
    <paramId>1219</paramId>
    <methodId>840</methodId>
    <paramName>arg[6]</paramName>
    <paramType>int</paramType>
  </homework01.po.ParamInfo>
</object-stream>
<object-stream>
  <homework01.po.ParamInfo>
    <paramId>1220</paramId>
    <methodId>841</methodId>
    <paramName>arg[0]</paramName>
    <paramType>char[]</paramType>
  </homework01.po.ParamInfo>
</object-stream>
<object-stream>
  <homework01.po.ParamInfo>
    <paramId>1221</paramId>
    <methodId>841</methodId>
    <paramName>arg[1]</paramName>
    <paramType>int</paramType>
  </homework01.po.ParamInfo>
</object-stream>
<object-stream>
  <homework01.po.ParamInfo>
    <paramId>1222</paramId>
    <methodId>841</methodId>
    <paramName>arg[2]</paramName>
    <paramType>int</paramType>
  </homework01.po.ParamInfo>
</object-stream>
<object-stream>
  <homework01.po.ParamInfo>
    <paramId>1223</paramId>
    <methodId>841</methodId>
    <paramName>arg[3]</paramName>
    <paramType>java.lang.String</paramType>
  </homework01.po.ParamInfo>
</object-stream>
<object-stream>
  <homework01.po.ParamInfo>
    <paramId>1224</paramId>
    <methodId>841</methodId>
    <paramName>arg[4]</paramName>
    <paramType>int</paramType>
  </homework01.po.ParamInfo>
</object-stream>
<object-stream>
  <homework01.po.ParamInfo>
    <paramId>1225</paramId>
    <methodId>842</methodId>
    <paramName>arg[0]</paramName>
    <paramType>int</paramType>
  </homework01.po.ParamInfo>
</object-stream>
<object-stream>
  <homework01.po.ParamInfo>
    <paramId>1226</paramId>
    <methodId>843</methodId>
    <paramName>arg[0]</paramName>
    <paramType>long</paramType>
  </homework01.po.ParamInfo>
</object-stream>
<object-stream>
  <homework01.po.ParamInfo>
    <paramId>1227</paramId>
    <methodId>844</methodId>
    <paramName>arg[0]</paramName>
    <paramType>float</paramType>
  </homework01.po.ParamInfo>
</object-stream>
<object-stream>
  <homework01.po.ParamInfo>
    <paramId>1228</paramId>
    <methodId>845</methodId>
    <paramName>arg[0]</paramName>
    <paramType>boolean</paramType>
  </homework01.po.ParamInfo>
</object-stream>
<object-stream>
  <homework01.po.ParamInfo>
    <paramId>1229</paramId>
    <methodId>846</methodId>
    <paramName>arg[0]</paramName>
    <paramType>char[]</paramType>
  </homework01.po.ParamInfo>
</object-stream>
<object-stream>
  <homework01.po.ParamInfo>
    <paramId>1230</paramId>
    <methodId>847</methodId>
    <paramName>arg[0]</paramName>
    <paramType>char[]</paramType>
  </homework01.po.ParamInfo>
</object-stream>
<object-stream>
  <homework01.po.ParamInfo>
    <paramId>1231</paramId>
    <methodId>847</methodId>
    <paramName>arg[1]</paramName>
    <paramType>int</paramType>
  </homework01.po.ParamInfo>
</object-stream>
<object-stream>
  <homework01.po.ParamInfo>
    <paramId>1232</paramId>
    <methodId>847</methodId>
    <paramName>arg[2]</paramName>
    <paramType>int</paramType>
  </homework01.po.ParamInfo>
</object-stream>
<object-stream>
  <homework01.po.ParamInfo>
    <paramId>1233</paramId>
    <methodId>848</methodId>
    <paramName>arg[0]</paramName>
    <paramType>java.lang.Object</paramType>
  </homework01.po.ParamInfo>
</object-stream>
<object-stream>
  <homework01.po.ParamInfo>
    <paramId>1234</paramId>
    <methodId>849</methodId>
    <paramName>arg[0]</paramName>
    <paramType>char</paramType>
  </homework01.po.ParamInfo>
</object-stream>
<object-stream>
  <homework01.po.ParamInfo>
    <paramId>1235</paramId>
    <methodId>850</methodId>
    <paramName>arg[0]</paramName>
    <paramType>double</paramType>
  </homework01.po.ParamInfo>
</object-stream>
<object-stream>
  <homework01.po.ParamInfo>
    <paramId>1236</paramId>
    <methodId>851</methodId>
    <paramName>arg[0]</paramName>
    <paramType>int</paramType>
  </homework01.po.ParamInfo>
</object-stream>
<object-stream>
  <homework01.po.ParamInfo>
    <paramId>1237</paramId>
    <methodId>852</methodId>
    <paramName>arg[0]</paramName>
    <paramType>byte[]</paramType>
  </homework01.po.ParamInfo>
</object-stream>
<object-stream>
  <homework01.po.ParamInfo>
    <paramId>1238</paramId>
    <methodId>852</methodId>
    <paramName>arg[1]</paramName>
    <paramType>int</paramType>
  </homework01.po.ParamInfo>
</object-stream>
<object-stream>
  <homework01.po.ParamInfo>
    <paramId>1239</paramId>
    <methodId>852</methodId>
    <paramName>arg[2]</paramName>
    <paramType>int</paramType>
  </homework01.po.ParamInfo>
</object-stream>
<object-stream>
  <homework01.po.ParamInfo>
    <paramId>1240</paramId>
    <methodId>853</methodId>
    <paramName>arg[0]</paramName>
    <paramType>int</paramType>
  </homework01.po.ParamInfo>
</object-stream>
<object-stream>
  <homework01.po.ParamInfo>
    <paramId>1241</paramId>
    <methodId>854</methodId>
    <paramName>arg[0]</paramName>
    <paramType>int</paramType>
  </homework01.po.ParamInfo>
</object-stream>
<object-stream>
  <homework01.po.ParamInfo>
    <paramId>1242</paramId>
    <methodId>855</methodId>
    <paramName>arg[0]</paramName>
    <paramType>int</paramType>
  </homework01.po.ParamInfo>
</object-stream>
<object-stream>
  <homework01.po.ParamInfo>
    <paramId>1243</paramId>
    <methodId>855</methodId>
    <paramName>arg[1]</paramName>
    <paramType>int</paramType>
  </homework01.po.ParamInfo>
</object-stream>
<object-stream>
  <homework01.po.ParamInfo>
    <paramId>1244</paramId>
    <methodId>856</methodId>
    <paramName>arg[0]</paramName>
    <paramType>java.lang.String</paramType>
  </homework01.po.ParamInfo>
</object-stream>
<object-stream>
  <homework01.po.ParamInfo>
    <paramId>1245</paramId>
    <methodId>857</methodId>
    <paramName>arg[0]</paramName>
    <paramType>java.lang.String</paramType>
  </homework01.po.ParamInfo>
</object-stream>
<object-stream>
  <homework01.po.ParamInfo>
    <paramId>1246</paramId>
    <methodId>858</methodId>
    <paramName>arg[0]</paramName>
    <paramType>java.lang.CharSequence</paramType>
  </homework01.po.ParamInfo>
</object-stream>
<object-stream>
  <homework01.po.ParamInfo>
    <paramId>1247</paramId>
    <methodId>859</methodId>
    <paramName>arg[0]</paramName>
    <paramType>java.lang.CharSequence</paramType>
  </homework01.po.ParamInfo>
</object-stream>
<object-stream>
  <homework01.po.ParamInfo>
    <paramId>1248</paramId>
    <methodId>860</methodId>
    <paramName>arg[0]</paramName>
    <paramType>java.lang.StringBuffer</paramType>
  </homework01.po.ParamInfo>
</object-stream>
<object-stream>
  <homework01.po.ParamInfo>
    <paramId>1249</paramId>
    <methodId>861</methodId>
    <paramName>arg[0]</paramName>
    <paramType>char[]</paramType>
  </homework01.po.ParamInfo>
</object-stream>
<object-stream>
  <homework01.po.ParamInfo>
    <paramId>1250</paramId>
    <methodId>862</methodId>
    <paramName>arg[0]</paramName>
    <paramType>char[]</paramType>
  </homework01.po.ParamInfo>
</object-stream>
<object-stream>
  <homework01.po.ParamInfo>
    <paramId>1251</paramId>
    <methodId>862</methodId>
    <paramName>arg[1]</paramName>
    <paramType>int</paramType>
  </homework01.po.ParamInfo>
</object-stream>
<object-stream>
  <homework01.po.ParamInfo>
    <paramId>1252</paramId>
    <methodId>862</methodId>
    <paramName>arg[2]</paramName>
    <paramType>int</paramType>
  </homework01.po.ParamInfo>
</object-stream>
<object-stream>
  <homework01.po.ParamInfo>
    <paramId>1253</paramId>
    <methodId>863</methodId>
    <paramName>arg[0]</paramName>
    <paramType>java.lang.String</paramType>
  </homework01.po.ParamInfo>
</object-stream>
<object-stream>
  <homework01.po.ParamInfo>
    <paramId>1254</paramId>
    <methodId>864</methodId>
    <paramName>arg[0]</paramName>
    <paramType>java.lang.String</paramType>
  </homework01.po.ParamInfo>
</object-stream>
<object-stream>
  <homework01.po.ParamInfo>
    <paramId>1255</paramId>
    <methodId>865</methodId>
    <paramName>arg[0]</paramName>
    <paramType>java.util.Locale</paramType>
  </homework01.po.ParamInfo>
</object-stream>
<object-stream>
  <homework01.po.ParamInfo>
    <paramId>1256</paramId>
    <methodId>865</methodId>
    <paramName>arg[1]</paramName>
    <paramType>java.lang.String</paramType>
  </homework01.po.ParamInfo>
</object-stream>
<object-stream>
  <homework01.po.ParamInfo>
    <paramId>1257</paramId>
    <methodId>865</methodId>
    <paramName>arg[2]</paramName>
    <paramType>java.lang.Object[]</paramType>
  </homework01.po.ParamInfo>
</object-stream>
<object-stream>
  <homework01.po.ParamInfo>
    <paramId>1258</paramId>
    <methodId>866</methodId>
    <paramName>arg[0]</paramName>
    <paramType>java.lang.String</paramType>
  </homework01.po.ParamInfo>
</object-stream>
<object-stream>
  <homework01.po.ParamInfo>
    <paramId>1259</paramId>
    <methodId>866</methodId>
    <paramName>arg[1]</paramName>
    <paramType>java.lang.Object[]</paramType>
  </homework01.po.ParamInfo>
</object-stream>
<object-stream>
  <homework01.po.ParamInfo>
    <paramId>1260</paramId>
    <methodId>867</methodId>
    <paramName>arg[0]</paramName>
    <paramType>int</paramType>
  </homework01.po.ParamInfo>
</object-stream>
<object-stream>
  <homework01.po.ParamInfo>
    <paramId>1261</paramId>
    <methodId>867</methodId>
    <paramName>arg[1]</paramName>
    <paramType>int</paramType>
  </homework01.po.ParamInfo>
</object-stream>
<object-stream>
  <homework01.po.ParamInfo>
    <paramId>1262</paramId>
    <methodId>867</methodId>
    <paramName>arg[2]</paramName>
    <paramType>byte[]</paramType>
  </homework01.po.ParamInfo>
</object-stream>
<object-stream>
  <homework01.po.ParamInfo>
    <paramId>1263</paramId>
    <methodId>867</methodId>
    <paramName>arg[3]</paramName>
    <paramType>int</paramType>
  </homework01.po.ParamInfo>
</object-stream>
<object-stream>
  <homework01.po.ParamInfo>
    <paramId>1264</paramId>
    <methodId>868</methodId>
    <paramName>arg[0]</paramName>
    <paramType>java.nio.charset.Charset</paramType>
  </homework01.po.ParamInfo>
</object-stream>
<object-stream>
  <homework01.po.ParamInfo>
    <paramId>1265</paramId>
    <methodId>869</methodId>
    <paramName>arg[0]</paramName>
    <paramType>java.lang.String</paramType>
  </homework01.po.ParamInfo>
</object-stream>
<object-stream>
  <homework01.po.ParamInfo>
    <paramId>1266</paramId>
    <methodId>871</methodId>
    <paramName>arg[0]</paramName>
    <paramType>int</paramType>
  </homework01.po.ParamInfo>
</object-stream>
<object-stream>
  <homework01.po.ParamInfo>
    <paramId>1267</paramId>
    <methodId>871</methodId>
    <paramName>arg[1]</paramName>
    <paramType>int</paramType>
  </homework01.po.ParamInfo>
</object-stream>
<object-stream>
  <homework01.po.ParamInfo>
    <paramId>1268</paramId>
    <methodId>871</methodId>
    <paramName>arg[2]</paramName>
    <paramType>char[]</paramType>
  </homework01.po.ParamInfo>
</object-stream>
<object-stream>
  <homework01.po.ParamInfo>
    <paramId>1269</paramId>
    <methodId>871</methodId>
    <paramName>arg[3]</paramName>
    <paramType>int</paramType>
  </homework01.po.ParamInfo>
</object-stream>
<object-stream>
  <homework01.po.ParamInfo>
    <paramId>1270</paramId>
    <methodId>872</methodId>
    <paramName>arg[0]</paramName>
    <paramType>char[]</paramType>
  </homework01.po.ParamInfo>
</object-stream>
<object-stream>
  <homework01.po.ParamInfo>
    <paramId>1271</paramId>
    <methodId>872</methodId>
    <paramName>arg[1]</paramName>
    <paramType>int</paramType>
  </homework01.po.ParamInfo>
</object-stream>
<object-stream>
  <homework01.po.ParamInfo>
    <paramId>1272</paramId>
    <methodId>873</methodId>
    <paramName>arg[0]</paramName>
    <paramType>int</paramType>
  </homework01.po.ParamInfo>
</object-stream>
<object-stream>
  <homework01.po.ParamInfo>
    <paramId>1273</paramId>
    <methodId>873</methodId>
    <paramName>arg[1]</paramName>
    <paramType>int</paramType>
  </homework01.po.ParamInfo>
</object-stream>
<object-stream>
  <homework01.po.ParamInfo>
    <paramId>1274</paramId>
    <methodId>876</methodId>
    <paramName>arg[0]</paramName>
    <paramType>java.lang.CharSequence</paramType>
  </homework01.po.ParamInfo>
</object-stream>
<object-stream>
  <homework01.po.ParamInfo>
    <paramId>1275</paramId>
    <methodId>876</methodId>
    <paramName>arg[1]</paramName>
    <paramType>java.lang.CharSequence[]</paramType>
  </homework01.po.ParamInfo>
</object-stream>
<object-stream>
  <homework01.po.ParamInfo>
    <paramId>1276</paramId>
    <methodId>877</methodId>
    <paramName>arg[0]</paramName>
    <paramType>java.lang.CharSequence</paramType>
  </homework01.po.ParamInfo>
</object-stream>
<object-stream>
  <homework01.po.ParamInfo>
    <paramId>1277</paramId>
    <methodId>877</methodId>
    <paramName>arg[1]</paramName>
    <paramType>java.lang.Iterable</paramType>
  </homework01.po.ParamInfo>
</object-stream>
<object-stream>
  <homework01.po.ParamInfo>
    <paramId>1278</paramId>
    <methodId>878</methodId>
    <paramName>arg[0]</paramName>
    <paramType>int</paramType>
  </homework01.po.ParamInfo>
</object-stream>
<object-stream>
  <homework01.po.ParamInfo>
    <paramId>1279</paramId>
    <methodId>879</methodId>
    <paramName>arg[0]</paramName>
    <paramType>java.lang.String</paramType>
  </homework01.po.ParamInfo>
</object-stream>
<object-stream>
  <homework01.po.ParamInfo>
    <paramId>1280</paramId>
    <methodId>880</methodId>
    <paramName>arg[0]</paramName>
    <paramType>char[]</paramType>
  </homework01.po.ParamInfo>
</object-stream>
<object-stream>
  <homework01.po.ParamInfo>
    <paramId>1281</paramId>
    <methodId>880</methodId>
    <paramName>arg[1]</paramName>
    <paramType>int</paramType>
  </homework01.po.ParamInfo>
</object-stream>
<object-stream>
  <homework01.po.ParamInfo>
    <paramId>1282</paramId>
    <methodId>880</methodId>
    <paramName>arg[2]</paramName>
    <paramType>int</paramType>
  </homework01.po.ParamInfo>
</object-stream>
<object-stream>
  <homework01.po.ParamInfo>
    <paramId>1283</paramId>
    <methodId>880</methodId>
    <paramName>arg[3]</paramName>
    <paramType>java.lang.String</paramType>
  </homework01.po.ParamInfo>
</object-stream>
<object-stream>
  <homework01.po.ParamInfo>
    <paramId>1284</paramId>
    <methodId>880</methodId>
    <paramName>arg[4]</paramName>
    <paramType>int</paramType>
  </homework01.po.ParamInfo>
</object-stream>
<object-stream>
  <homework01.po.ParamInfo>
    <paramId>1285</paramId>
    <methodId>881</methodId>
    <paramName>arg[0]</paramName>
    <paramType>java.lang.String</paramType>
  </homework01.po.ParamInfo>
</object-stream>
<object-stream>
  <homework01.po.ParamInfo>
    <paramId>1286</paramId>
    <methodId>881</methodId>
    <paramName>arg[1]</paramName>
    <paramType>int</paramType>
  </homework01.po.ParamInfo>
</object-stream>
<object-stream>
  <homework01.po.ParamInfo>
    <paramId>1287</paramId>
    <methodId>882</methodId>
    <paramName>arg[0]</paramName>
    <paramType>int</paramType>
  </homework01.po.ParamInfo>
</object-stream>
<object-stream>
  <homework01.po.ParamInfo>
    <paramId>1288</paramId>
    <methodId>882</methodId>
    <paramName>arg[1]</paramName>
    <paramType>int</paramType>
  </homework01.po.ParamInfo>
</object-stream>
<object-stream>
  <homework01.po.ParamInfo>
    <paramId>1289</paramId>
    <methodId>883</methodId>
    <paramName>arg[0]</paramName>
    <paramType>char[]</paramType>
  </homework01.po.ParamInfo>
</object-stream>
<object-stream>
  <homework01.po.ParamInfo>
    <paramId>1290</paramId>
    <methodId>883</methodId>
    <paramName>arg[1]</paramName>
    <paramType>int</paramType>
  </homework01.po.ParamInfo>
</object-stream>
<object-stream>
  <homework01.po.ParamInfo>
    <paramId>1291</paramId>
    <methodId>883</methodId>
    <paramName>arg[2]</paramName>
    <paramType>int</paramType>
  </homework01.po.ParamInfo>
</object-stream>
<object-stream>
  <homework01.po.ParamInfo>
    <paramId>1292</paramId>
    <methodId>883</methodId>
    <paramName>arg[3]</paramName>
    <paramType>char[]</paramType>
  </homework01.po.ParamInfo>
</object-stream>
<object-stream>
  <homework01.po.ParamInfo>
    <paramId>1293</paramId>
    <methodId>883</methodId>
    <paramName>arg[4]</paramName>
    <paramType>int</paramType>
  </homework01.po.ParamInfo>
</object-stream>
<object-stream>
  <homework01.po.ParamInfo>
    <paramId>1294</paramId>
    <methodId>883</methodId>
    <paramName>arg[5]</paramName>
    <paramType>int</paramType>
  </homework01.po.ParamInfo>
</object-stream>
<object-stream>
  <homework01.po.ParamInfo>
    <paramId>1295</paramId>
    <methodId>883</methodId>
    <paramName>arg[6]</paramName>
    <paramType>int</paramType>
  </homework01.po.ParamInfo>
</object-stream>
<object-stream>
  <homework01.po.ParamInfo>
    <paramId>1296</paramId>
    <methodId>884</methodId>
    <paramName>arg[0]</paramName>
    <paramType>int</paramType>
  </homework01.po.ParamInfo>
</object-stream>
<object-stream>
  <homework01.po.ParamInfo>
    <paramId>1297</paramId>
    <methodId>884</methodId>
    <paramName>arg[1]</paramName>
    <paramType>int</paramType>
  </homework01.po.ParamInfo>
</object-stream>
<object-stream>
  <homework01.po.ParamInfo>
    <paramId>1298</paramId>
    <methodId>886</methodId>
    <paramName>arg[0]</paramName>
    <paramType>java.lang.String</paramType>
  </homework01.po.ParamInfo>
</object-stream>
<object-stream>
  <homework01.po.ParamInfo>
    <paramId>1299</paramId>
    <methodId>887</methodId>
    <paramName>arg[0]</paramName>
    <paramType>java.lang.AbstractStringBuilder</paramType>
  </homework01.po.ParamInfo>
</object-stream>
<object-stream>
  <homework01.po.ParamInfo>
    <paramId>1300</paramId>
    <methodId>888</methodId>
    <paramName>arg[0]</paramName>
    <paramType>int</paramType>
  </homework01.po.ParamInfo>
</object-stream>
<object-stream>
  <homework01.po.ParamInfo>
    <paramId>1301</paramId>
    <methodId>888</methodId>
    <paramName>arg[1]</paramName>
    <paramType>int</paramType>
  </homework01.po.ParamInfo>
</object-stream>
<object-stream>
  <homework01.po.ParamInfo>
    <paramId>1302</paramId>
    <methodId>889</methodId>
    <paramName>arg[0]</paramName>
    <paramType>int</paramType>
  </homework01.po.ParamInfo>
</object-stream>
<object-stream>
  <homework01.po.ParamInfo>
    <paramId>1303</paramId>
    <methodId>889</methodId>
    <paramName>arg[1]</paramName>
    <paramType>java.lang.String</paramType>
  </homework01.po.ParamInfo>
</object-stream>
<object-stream>
  <homework01.po.ParamInfo>
    <paramId>1304</paramId>
    <methodId>889</methodId>
    <paramName>arg[2]</paramName>
    <paramType>int</paramType>
  </homework01.po.ParamInfo>
</object-stream>
<object-stream>
  <homework01.po.ParamInfo>
    <paramId>1305</paramId>
    <methodId>889</methodId>
    <paramName>arg[3]</paramName>
    <paramType>int</paramType>
  </homework01.po.ParamInfo>
</object-stream>
<object-stream>
  <homework01.po.ParamInfo>
    <paramId>1306</paramId>
    <methodId>890</methodId>
    <paramName>arg[0]</paramName>
    <paramType>boolean</paramType>
  </homework01.po.ParamInfo>
</object-stream>
<object-stream>
  <homework01.po.ParamInfo>
    <paramId>1307</paramId>
    <methodId>890</methodId>
    <paramName>arg[1]</paramName>
    <paramType>int</paramType>
  </homework01.po.ParamInfo>
</object-stream>
<object-stream>
  <homework01.po.ParamInfo>
    <paramId>1308</paramId>
    <methodId>890</methodId>
    <paramName>arg[2]</paramName>
    <paramType>java.lang.String</paramType>
  </homework01.po.ParamInfo>
</object-stream>
<object-stream>
  <homework01.po.ParamInfo>
    <paramId>1309</paramId>
    <methodId>890</methodId>
    <paramName>arg[3]</paramName>
    <paramType>int</paramType>
  </homework01.po.ParamInfo>
</object-stream>
<object-stream>
  <homework01.po.ParamInfo>
    <paramId>1310</paramId>
    <methodId>890</methodId>
    <paramName>arg[4]</paramName>
    <paramType>int</paramType>
  </homework01.po.ParamInfo>
</object-stream>
<object-stream>
  <homework01.po.ParamInfo>
    <paramId>1311</paramId>
    <methodId>891</methodId>
    <paramName>arg[0]</paramName>
    <paramType>char</paramType>
  </homework01.po.ParamInfo>
</object-stream>
<object-stream>
  <homework01.po.ParamInfo>
    <paramId>1312</paramId>
    <methodId>891</methodId>
    <paramName>arg[1]</paramName>
    <paramType>char</paramType>
  </homework01.po.ParamInfo>
</object-stream>
<object-stream>
  <homework01.po.ParamInfo>
    <paramId>1313</paramId>
    <methodId>892</methodId>
    <paramName>arg[0]</paramName>
    <paramType>java.lang.CharSequence</paramType>
  </homework01.po.ParamInfo>
</object-stream>
<object-stream>
  <homework01.po.ParamInfo>
    <paramId>1314</paramId>
    <methodId>892</methodId>
    <paramName>arg[1]</paramName>
    <paramType>java.lang.CharSequence</paramType>
  </homework01.po.ParamInfo>
</object-stream>
<object-stream>
  <homework01.po.ParamInfo>
    <paramId>1315</paramId>
    <methodId>893</methodId>
    <paramName>arg[0]</paramName>
    <paramType>java.lang.String</paramType>
  </homework01.po.ParamInfo>
</object-stream>
<object-stream>
  <homework01.po.ParamInfo>
    <paramId>1316</paramId>
    <methodId>893</methodId>
    <paramName>arg[1]</paramName>
    <paramType>java.lang.String</paramType>
  </homework01.po.ParamInfo>
</object-stream>
<object-stream>
  <homework01.po.ParamInfo>
    <paramId>1317</paramId>
    <methodId>894</methodId>
    <paramName>arg[0]</paramName>
    <paramType>java.lang.String</paramType>
  </homework01.po.ParamInfo>
</object-stream>
<object-stream>
  <homework01.po.ParamInfo>
    <paramId>1318</paramId>
    <methodId>894</methodId>
    <paramName>arg[1]</paramName>
    <paramType>java.lang.String</paramType>
  </homework01.po.ParamInfo>
</object-stream>
<object-stream>
  <homework01.po.ParamInfo>
    <paramId>1319</paramId>
    <methodId>895</methodId>
    <paramName>arg[0]</paramName>
    <paramType>java.lang.String</paramType>
  </homework01.po.ParamInfo>
</object-stream>
<object-stream>
  <homework01.po.ParamInfo>
    <paramId>1320</paramId>
    <methodId>896</methodId>
    <paramName>arg[0]</paramName>
    <paramType>java.lang.String</paramType>
  </homework01.po.ParamInfo>
</object-stream>
<object-stream>
  <homework01.po.ParamInfo>
    <paramId>1321</paramId>
    <methodId>896</methodId>
    <paramName>arg[1]</paramName>
    <paramType>int</paramType>
  </homework01.po.ParamInfo>
</object-stream>
<object-stream>
  <homework01.po.ParamInfo>
    <paramId>1322</paramId>
    <methodId>897</methodId>
    <paramName>arg[0]</paramName>
    <paramType>java.lang.String</paramType>
  </homework01.po.ParamInfo>
</object-stream>
<object-stream>
  <homework01.po.ParamInfo>
    <paramId>1323</paramId>
    <methodId>897</methodId>
    <paramName>arg[1]</paramName>
    <paramType>int</paramType>
  </homework01.po.ParamInfo>
</object-stream>
<object-stream>
  <homework01.po.ParamInfo>
    <paramId>1324</paramId>
    <methodId>898</methodId>
    <paramName>arg[0]</paramName>
    <paramType>java.lang.String</paramType>
  </homework01.po.ParamInfo>
</object-stream>
<object-stream>
  <homework01.po.ParamInfo>
    <paramId>1325</paramId>
    <methodId>899</methodId>
    <paramName>arg[0]</paramName>
    <paramType>int</paramType>
  </homework01.po.ParamInfo>
</object-stream>
<object-stream>
  <homework01.po.ParamInfo>
    <paramId>1326</paramId>
    <methodId>899</methodId>
    <paramName>arg[1]</paramName>
    <paramType>int</paramType>
  </homework01.po.ParamInfo>
</object-stream>
<object-stream>
  <homework01.po.ParamInfo>
    <paramId>1327</paramId>
    <methodId>900</methodId>
    <paramName>arg[0]</paramName>
    <paramType>int</paramType>
  </homework01.po.ParamInfo>
</object-stream>
<object-stream>
  <homework01.po.ParamInfo>
    <paramId>1328</paramId>
    <methodId>901</methodId>
    <paramName>arg[0]</paramName>
    <paramType>int</paramType>
  </homework01.po.ParamInfo>
</object-stream>
<object-stream>
  <homework01.po.ParamInfo>
    <paramId>1329</paramId>
    <methodId>901</methodId>
    <paramName>arg[1]</paramName>
    <paramType>int</paramType>
  </homework01.po.ParamInfo>
</object-stream>
<object-stream>
  <homework01.po.ParamInfo>
    <paramId>1330</paramId>
    <methodId>903</methodId>
    <paramName>arg[0]</paramName>
    <paramType>java.util.Locale</paramType>
  </homework01.po.ParamInfo>
</object-stream>
<object-stream>
  <homework01.po.ParamInfo>
    <paramId>1331</paramId>
    <methodId>906</methodId>
    <paramName>arg[0]</paramName>
    <paramType>java.util.Locale</paramType>
  </homework01.po.ParamInfo>
</object-stream>
<object-stream>
  <homework01.po.ParamInfo>
    <paramId>1332</paramId>
    <methodId>908</methodId>
    <paramName>arg[0]</paramName>
    <paramType>boolean</paramType>
  </homework01.po.ParamInfo>
</object-stream>
<object-stream>
  <homework01.po.ParamInfo>
    <paramId>1333</paramId>
    <methodId>911</methodId>
    <paramName>arg[0]</paramName>
    <paramType>java.util.concurrent.Executor</paramType>
  </homework01.po.ParamInfo>
</object-stream>
<object-stream>
  <homework01.po.ParamInfo>
    <paramId>1334</paramId>
    <methodId>912</methodId>
    <paramName>arg[0]</paramName>
    <paramType>int</paramType>
  </homework01.po.ParamInfo>
</object-stream>
<object-stream>
  <homework01.po.ParamInfo>
    <paramId>1335</paramId>
    <methodId>913</methodId>
    <paramName>arg[0]</paramName>
    <paramType>java.lang.String</paramType>
  </homework01.po.ParamInfo>
</object-stream>
<object-stream>
  <homework01.po.ParamInfo>
    <paramId>1336</paramId>
    <methodId>913</methodId>
    <paramName>arg[1]</paramName>
    <paramType>int</paramType>
  </homework01.po.ParamInfo>
</object-stream>
<object-stream>
  <homework01.po.ParamInfo>
    <paramId>1337</paramId>
    <methodId>913</methodId>
    <paramName>arg[2]</paramName>
    <paramType>int</paramType>
  </homework01.po.ParamInfo>
</object-stream>
<object-stream>
  <homework01.po.ParamInfo>
    <paramId>1338</paramId>
    <methodId>914</methodId>
    <paramName>arg[0]</paramName>
    <paramType>java.lang.String</paramType>
  </homework01.po.ParamInfo>
</object-stream>
<object-stream>
  <homework01.po.ParamInfo>
    <paramId>1339</paramId>
    <methodId>914</methodId>
    <paramName>arg[1]</paramName>
    <paramType>java.lang.String[]</paramType>
  </homework01.po.ParamInfo>
</object-stream>
<object-stream>
  <homework01.po.ParamInfo>
    <paramId>1340</paramId>
    <methodId>915</methodId>
    <paramName>arg[0]</paramName>
    <paramType>java.lang.String</paramType>
  </homework01.po.ParamInfo>
</object-stream>
<object-stream>
  <homework01.po.ParamInfo>
    <paramId>1341</paramId>
    <methodId>915</methodId>
    <paramName>arg[1]</paramName>
    <paramType>int</paramType>
  </homework01.po.ParamInfo>
</object-stream>
<object-stream>
  <homework01.po.ParamInfo>
    <paramId>1342</paramId>
    <methodId>915</methodId>
    <paramName>arg[2]</paramName>
    <paramType>int</paramType>
  </homework01.po.ParamInfo>
</object-stream>
<object-stream>
  <homework01.po.ParamInfo>
    <paramId>1343</paramId>
    <methodId>915</methodId>
    <paramName>arg[3]</paramName>
    <paramType>int</paramType>
  </homework01.po.ParamInfo>
</object-stream>
<object-stream>
  <homework01.po.ParamInfo>
    <paramId>1344</paramId>
    <methodId>916</methodId>
    <paramName>arg[0]</paramName>
    <paramType>java.lang.String</paramType>
  </homework01.po.ParamInfo>
</object-stream>
<object-stream>
  <homework01.po.ParamInfo>
    <paramId>1345</paramId>
    <methodId>917</methodId>
    <paramName>arg[0]</paramName>
    <paramType>java.lang.String</paramType>
  </homework01.po.ParamInfo>
</object-stream>
<object-stream>
  <homework01.po.ParamInfo>
    <paramId>1346</paramId>
    <methodId>917</methodId>
    <paramName>arg[1]</paramName>
    <paramType>int</paramType>
  </homework01.po.ParamInfo>
</object-stream>
<object-stream>
  <homework01.po.ParamInfo>
    <paramId>1347</paramId>
    <methodId>918</methodId>
    <paramName>arg[0]</paramName>
    <paramType>java.lang.String</paramType>
  </homework01.po.ParamInfo>
</object-stream>
<object-stream>
  <homework01.po.ParamInfo>
    <paramId>1348</paramId>
    <methodId>918</methodId>
    <paramName>arg[1]</paramName>
    <paramType>int[]</paramType>
  </homework01.po.ParamInfo>
</object-stream>
<object-stream>
  <homework01.po.ParamInfo>
    <paramId>1349</paramId>
    <methodId>921</methodId>
    <paramName>arg[0]</paramName>
    <paramType>java.lang.String</paramType>
  </homework01.po.ParamInfo>
</object-stream>
<object-stream>
  <homework01.po.ParamInfo>
    <paramId>1350</paramId>
    <methodId>921</methodId>
    <paramName>arg[1]</paramName>
    <paramType>java.lang.Object[]</paramType>
  </homework01.po.ParamInfo>
</object-stream>
<object-stream>
  <homework01.po.ParamInfo>
    <paramId>1351</paramId>
    <methodId>926</methodId>
    <paramName>arg[0]</paramName>
    <paramType>int</paramType>
  </homework01.po.ParamInfo>
</object-stream>
<object-stream>
  <homework01.po.ParamInfo>
    <paramId>1352</paramId>
    <methodId>926</methodId>
    <paramName>arg[1]</paramName>
    <paramType>int</paramType>
  </homework01.po.ParamInfo>
</object-stream>
<object-stream>
  <homework01.po.ParamInfo>
    <paramId>1353</paramId>
    <methodId>927</methodId>
    <paramName>arg[0]</paramName>
    <paramType>int</paramType>
  </homework01.po.ParamInfo>
</object-stream>
<object-stream>
  <homework01.po.ParamInfo>
    <paramId>1354</paramId>
    <methodId>927</methodId>
    <paramName>arg[1]</paramName>
    <paramType>int</paramType>
  </homework01.po.ParamInfo>
</object-stream>
<object-stream>
  <homework01.po.ParamInfo>
    <paramId>1355</paramId>
    <methodId>927</methodId>
    <paramName>arg[2]</paramName>
    <paramType>int</paramType>
  </homework01.po.ParamInfo>
</object-stream>
<object-stream>
  <homework01.po.ParamInfo>
    <paramId>1356</paramId>
    <methodId>929</methodId>
    <paramName>arg[0]</paramName>
    <paramType>java.lang.String</paramType>
  </homework01.po.ParamInfo>
</object-stream>
<object-stream>
  <homework01.po.ParamInfo>
    <paramId>1357</paramId>
    <methodId>929</methodId>
    <paramName>arg[1]</paramName>
    <paramType>java.lang.Object[]</paramType>
  </homework01.po.ParamInfo>
</object-stream>
<object-stream>
  <homework01.po.ParamInfo>
    <paramId>1358</paramId>
    <methodId>933</methodId>
    <paramName>arg[0]</paramName>
    <paramType>java.lang.String</paramType>
  </homework01.po.ParamInfo>
</object-stream>
<object-stream>
  <homework01.po.ParamInfo>
    <paramId>1359</paramId>
    <methodId>942</methodId>
    <paramName>arg[0]</paramName>
    <paramType>java.lang.String</paramType>
  </homework01.po.ParamInfo>
</object-stream>
<object-stream>
  <homework01.po.ParamInfo>
    <paramId>1360</paramId>
    <methodId>943</methodId>
    <paramName>arg[0]</paramName>
    <paramType>java.lang.String</paramType>
  </homework01.po.ParamInfo>
</object-stream>
<object-stream>
  <homework01.po.ParamInfo>
    <paramId>1361</paramId>
    <methodId>944</methodId>
    <paramName>arg[0]</paramName>
    <paramType>java.lang.String</paramType>
  </homework01.po.ParamInfo>
</object-stream>
<object-stream>
  <homework01.po.ParamInfo>
    <paramId>1362</paramId>
    <methodId>944</methodId>
    <paramName>arg[1]</paramName>
    <paramType>int</paramType>
  </homework01.po.ParamInfo>
</object-stream>
<object-stream>
  <homework01.po.ParamInfo>
    <paramId>1363</paramId>
    <methodId>944</methodId>
    <paramName>arg[2]</paramName>
    <paramType>int</paramType>
  </homework01.po.ParamInfo>
</object-stream>
<object-stream>
  <homework01.po.ParamInfo>
    <paramId>1364</paramId>
    <methodId>945</methodId>
    <paramName>arg[0]</paramName>
    <paramType>java.lang.String</paramType>
  </homework01.po.ParamInfo>
</object-stream>
<object-stream>
  <homework01.po.ParamInfo>
    <paramId>1365</paramId>
    <methodId>945</methodId>
    <paramName>arg[1]</paramName>
    <paramType>int</paramType>
  </homework01.po.ParamInfo>
</object-stream>
<object-stream>
  <homework01.po.ParamInfo>
    <paramId>1366</paramId>
    <methodId>945</methodId>
    <paramName>arg[2]</paramName>
    <paramType>int</paramType>
  </homework01.po.ParamInfo>
</object-stream>
<object-stream>
  <homework01.po.ParamInfo>
    <paramId>1367</paramId>
    <methodId>945</methodId>
    <paramName>arg[3]</paramName>
    <paramType>int</paramType>
  </homework01.po.ParamInfo>
</object-stream>
<object-stream>
  <homework01.po.ParamInfo>
    <paramId>1368</paramId>
    <methodId>946</methodId>
    <paramName>arg[0]</paramName>
    <paramType>java.sql.Savepoint</paramType>
  </homework01.po.ParamInfo>
</object-stream>
<object-stream>
  <homework01.po.ParamInfo>
    <paramId>1369</paramId>
    <methodId>948</methodId>
    <paramName>arg[0]</paramName>
    <paramType>java.sql.Savepoint</paramType>
  </homework01.po.ParamInfo>
</object-stream>
<object-stream>
  <homework01.po.ParamInfo>
    <paramId>1370</paramId>
    <methodId>949</methodId>
    <paramName>arg[0]</paramName>
    <paramType>boolean</paramType>
  </homework01.po.ParamInfo>
</object-stream>
<object-stream>
  <homework01.po.ParamInfo>
    <paramId>1371</paramId>
    <methodId>950</methodId>
    <paramName>arg[0]</paramName>
    <paramType>java.lang.String</paramType>
  </homework01.po.ParamInfo>
</object-stream>
<object-stream>
  <homework01.po.ParamInfo>
    <paramId>1372</paramId>
    <methodId>951</methodId>
    <paramName>arg[0]</paramName>
    <paramType>java.util.Properties</paramType>
  </homework01.po.ParamInfo>
</object-stream>
<object-stream>
  <homework01.po.ParamInfo>
    <paramId>1373</paramId>
    <methodId>952</methodId>
    <paramName>arg[0]</paramName>
    <paramType>java.lang.String</paramType>
  </homework01.po.ParamInfo>
</object-stream>
<object-stream>
  <homework01.po.ParamInfo>
    <paramId>1374</paramId>
    <methodId>952</methodId>
    <paramName>arg[1]</paramName>
    <paramType>java.lang.String</paramType>
  </homework01.po.ParamInfo>
</object-stream>
<object-stream>
  <homework01.po.ParamInfo>
    <paramId>1375</paramId>
    <methodId>953</methodId>
    <paramName>arg[0]</paramName>
    <paramType>int</paramType>
  </homework01.po.ParamInfo>
</object-stream>
<object-stream>
  <homework01.po.ParamInfo>
    <paramId>1376</paramId>
    <methodId>954</methodId>
    <paramName>arg[0]</paramName>
    <paramType>java.util.concurrent.Executor</paramType>
  </homework01.po.ParamInfo>
</object-stream>
<object-stream>
  <homework01.po.ParamInfo>
    <paramId>1377</paramId>
    <methodId>954</methodId>
    <paramName>arg[1]</paramName>
    <paramType>int</paramType>
  </homework01.po.ParamInfo>
</object-stream>
<object-stream>
  <homework01.po.ParamInfo>
    <paramId>1378</paramId>
    <methodId>955</methodId>
    <paramName>arg[0]</paramName>
    <paramType>java.lang.String</paramType>
  </homework01.po.ParamInfo>
</object-stream>
<object-stream>
  <homework01.po.ParamInfo>
    <paramId>1379</paramId>
    <methodId>957</methodId>
    <paramName>arg[0]</paramName>
    <paramType>java.lang.String</paramType>
  </homework01.po.ParamInfo>
</object-stream>
<object-stream>
  <homework01.po.ParamInfo>
    <paramId>1380</paramId>
    <methodId>958</methodId>
    <paramName>arg[0]</paramName>
    <paramType>int</paramType>
  </homework01.po.ParamInfo>
</object-stream>
<object-stream>
  <homework01.po.ParamInfo>
    <paramId>1381</paramId>
    <methodId>959</methodId>
    <paramName>arg[0]</paramName>
    <paramType>java.util.Map</paramType>
  </homework01.po.ParamInfo>
</object-stream>
<object-stream>
  <homework01.po.ParamInfo>
    <paramId>1382</paramId>
    <methodId>964</methodId>
    <paramName>arg[0]</paramName>
    <paramType>java.sql.SQLException</paramType>
  </homework01.po.ParamInfo>
</object-stream>
